{
  "AimAssist": {
    "toggled": false,
    "key": 0,
    "hidden": false,
    "horizontal-speed": 2.0,
    "vertical-speed": 1.0,
    "smoothing": 50,
    "range": 4.0,
    "fov": 90,
    "weapons-only": true,
    "bot-check": true,
    "teams": true
  },
  "AntiDebuff": {
    "toggled": false,
    "key": 0,
    "hidden": false,
    "blindness": true,
    "nausea": true
  },
  "AntiFireball": {
    "toggled": false,
    "key": 0,
    "hidden": false,
    "range": 5.0,
    "fov": 360,
    "rotations": true,
    "swing": true,
    "show-target": "NONE"
  },
  "AntiObbyTrap": {
    "toggled": false,
    "key": 0,
    "hidden": false,
    "set-air": true
  },
  "AntiObfuscate": {
    "toggled": false,
    "key": 0,
    "hidden": true
  },
  "AntiVoid": {
    "toggled": true,
    "key": 0,
    "hidden": true,
    "mode": "BLINK",
    "distance": 5.0
  },
  "AutoClicker": {
    "toggled": false,
    "key": 0,
    "hidden": false,
    "min-cps": 8,
    "max-cps": 12,
    "block-hit": false,
    "weapons-only": true,
    "allow-tools": false,
    "break-blocks": true
  },
  "AutoHeal": {
    "toggled": false,
    "key": 0,
    "hidden": false,
    "health": 35,
    "delay": 4000,
    "regen-check": false
  },
  "AutoTool": {
    "toggled": false,
    "key": 0,
    "hidden": false,
    "delay": 0,
    "switch-back": true,
    "sneak-only": true
  },
  "BBLR": {
    "toggled": false,
    "key": 0,
    "hidden": true,
    "alerts": true,
    "alerts-range": 48,
    "alerts-on-pearl": true,
    "alerts-sound": "MEOW",
    "alerts-frequency": 5,
    "macro": true,
    "macro-range": 24,
    "macro-on-pearl": true,
    "macro-text": "/lobby",
    "macro-delay": 1,
    "hud": true,
    "hud-position-x": "LEFT",
    "hud-position-y": "TOP",
    "hud-offset-x": 0,
    "hud-offset-y": 0,
    "hud-scale": 1.0,
    "hud-shadow": true
  },
  "BedESP": {
    "toggled": true,
    "key": 0,
    "hidden": true,
    "mode": "DEFAULT",
    "color": "CUSTOM",
    "custom-color": "FF5555",
    "opacity": 25,
    "outline": false,
    "obsidian": true
  },
  "BedNuker": {
    "toggled": true,
    "key": 49,
    "hidden": false,
    "mode": "SWAP",
    "range": 4.5,
    "speed": 100,
    "ground-spoof": false,
    "ignore-velocity": false,
    "surroundings": true,
    "whitelist": true,
    "swing": true,
    "show-target": "HUD"
  },
  "Blink": {
    "toggled": false,
    "key": 0,
    "hidden": false
  },
  "Chams": {
    "toggled": false,
    "key": 0,
    "hidden": false,
    "players": true,
    "friends": true,
    "enemies": true,
    "bosses": false,
    "mobs": false,
    "creepers": false,
    "endermen": false,
    "blazes": false,
    "animals": false,
    "self": false,
    "bots": false
  },
  "ChestESP": {
    "toggled": false,
    "key": 0,
    "hidden": false,
    "color": "FFAA00",
    "tracers": false
  },
  "ChestStealer": {
    "toggled": false,
    "key": 0,
    "hidden": false,
    "min-delay": 1,
    "max-delay": 2,
    "open-delay": 1,
    "auto-close": false,
    "name-check": true,
    "skip-trash": true
  },
  "Eagle": {
    "toggled": false,
    "key": 0,
    "hidden": false,
    "min-delay": 2,
    "max-delay": 3,
    "direction-check": true,
    "pitch-check": true,
    "blocks-only": true
  },
  "ESP": {
    "toggled": true,
    "key": 0,
    "hidden": true,
    "mode": "OUTLINE",
    "color": "DEFAULT",
    "health-bar": "RAVEN",
    "players": true,
    "friends": true,
    "enemies": true,
    "self": false,
    "bots": false
  },
  "FastPlace": {
    "toggled": false,
    "key": 0,
    "hidden": false,
    "delay": 1,
    "blocks-only": true,
    "place-fix": true
  },
  "Fly": {
    "toggled": false,
    "key": 0,
    "hidden": false,
    "horizontal-speed": 1.0,
    "vertical-speed": 1.0
  },
  "Fullbright": {
    "toggled": true,
    "key": 0,
    "hidden": true,
    "mode": "GAMMA"
  },
  "GhostHand": {
    "toggled": false,
    "key": 0,
    "hidden": false,
    "team-only": true,
    "ignore-weapons": false
  },
  "HUD": {
    "toggled": true,
    "key": 0,
    "hidden": true,
    "color": "CUSTOM12",
    "color-speed": 1.0,
    "color-saturation": 100,
    "color-brightness": 100,
    "custom-color-1": "5218FA",
    "custom-color-2": "8A2BE2",
    "custom-color-3": "FFFFFF",
    "position-x": "RIGHT",
    "position-y": "TOP",
    "offset-x": 3,
    "offset-y": 10,
    "scale": 1.0,
    "background": 0,
    "bar": false,
    "shadow": true,
    "suffixes": false,
    "lower-case": false,
    "chat-outline": true,
    "blink-timer": true,
    "toggle-sounds": true,
    "toggle-alerts": false
  },
  "Indicators": {
    "toggled": false,
    "key": 0,
    "hidden": true,
    "scale": 1.0,
    "offset": 50.0,
    "direction-check": true,
    "fireballs": true,
    "pearls": true,
    "arrows": true
  },
  "InvManager": {
    "toggled": false,
    "key": 0,
    "hidden": false,
    "min-delay": 1,
    "max-delay": 2,
    "open-delay": 1,
    "auto-armor": true,
    "drop-trash": false,
    "sword-slot": 1,
    "block-slot": 2
  },
  "InvWalk": {
    "toggled": false,
    "key": 0,
    "hidden": false,
    "mode": "LEGIT"
  },
  "ItemESP": {
    "toggled": false,
    "key": 0,
    "hidden": false,
    "opacity": 25,
    "outline": false,
    "item-count": true,
    "auto-scale": true,
    "emeralds": true,
    "diamonds": true,
    "gold": true,
    "iron": true
  },
  "Jesus": {
    "toggled": false,
    "key": 0,
    "hidden": false,
    "speed": 2.5,
    "no-push": true,
    "ground-only": true
  },
  "KeepSprint": {
    "toggled": true,
    "key": 0,
    "hidden": true,
    "slowdown": 0,
    "ground-only": false,
    "reach-only": false
  },
  "KillAura": {
    "toggled": false,
    "key": 19,
    "hidden": false,
    "mode": "SWITCH",
    "sort": "HEALTH",
    "auto-block": "HYPIXEL",
    "auto-block-require-press": false,
    "auto-block-range": 6.0,
    "swing-range": 3.5,
    "attack-range": 3.0,
    "fov": 360,
    "min-aps": 14,
    "max-aps": 14,
    "switch-delay": 30,
    "rotations": "SILENT",
    "smoothing": 0,
    "angle-step": 90,
    "through-walls": true,
    "move-fix": false,
    "require-press": false,
    "allow-mining": true,
    "weapons-only": true,
    "allow-tools": false,
    "inventory-check": true,
    "bot-check": true,
    "players": true,
    "bosses": false,
    "mobs": false,
    "animals": false,
    "golems": false,
    "silverfish": false,
    "teams": true,
    "show-target": "HUD",
    "debug-log": false
  },
  "LegitSpeed": {
    "toggled": false,
    "key": 0,
    "hidden": false,
    "speed0-multiplier": 1.03,
    "speed1-multiplier": 1.21,
    "speed2-multiplier": 1.45
  },
  "LightningTracker": {
    "toggled": false,
    "key": 0,
    "hidden": true
  },
  "LongJump": {
    "toggled": false,
    "key": 36,
    "hidden": false,
    "mode": "FIREBALL_FLAT",
    "motion": 3.0,
    "speed-motion": 2.8,
    "strafe": 100
  },
  "MCF": {
    "toggled": true,
    "key": 0,
    "hidden": true
  },
  "NameTags": {
    "toggled": true,
    "key": 0,
    "hidden": true,
    "scale": 0.9,
    "auto-scale": true,
    "background": 25,
    "shadow": true,
    "distance": "NONE",
    "health": "HEARTS",
    "armor": true,
    "effects": true,
    "players": true,
    "friends": true,
    "enemies": true,
    "bosses": false,
    "mobs": false,
    "creepers": false,
    "endermen": false,
    "blazes": false,
    "animals": false,
    "self": true,
    "bots": false
  },
  "NickHider": {
    "toggled": false,
    "key": 0,
    "hidden": true,
    "name": "You",
    "scoreboard": true,
    "level": true
  },
  "NoFall": {
    "toggled": true,
    "key": 0,
    "hidden": true,
    "mode": "HYPIXEL",
    "distance": 3.0,
    "delay": 0,
    "pregame-check": true
  },
  "NoHitDelay": {
    "toggled": true,
    "key": 0,
    "hidden": true
  },
  "NoHurtCam": {
    "toggled": false,
    "key": 0,
    "hidden": true,
    "multiplier": 0
  },
  "NoJumpDelay": {
    "toggled": false,
    "key": 0,
    "hidden": false,
    "delay": 3
  },
  "NoRotate": {
    "toggled": false,
    "key": 0,
    "hidden": false
  },
  "NoSlow": {
    "toggled": true,
    "key": 0,
    "hidden": true,
    "sword-mode": "VANILLA",
    "sword-motion": 100,
    "sword-sprint": true,
    "food-mode": "HYPIXEL",
    "food-motion": 100,
    "food-sprint": true,
    "bow-mode": "HYPIXEL",
    "bow-motion": 100,
    "bow-sprint": true
  },
  "Reach": {
    "toggled": false,
    "key": 0,
    "hidden": false,
    "range": 3.1,
    "chance": 100
  },
  "SafeWalk": {
    "toggled": false,
    "key": 0,
    "hidden": false,
    "motion": 0.95,
    "speed-motion": 0.85,
    "air": false,
    "direction-check": true,
    "pitch-check": true,
    "require-press": false,
    "blocks-only": true
  },
  "Scaffold": {
    "toggled": false,
    "key": 47,
    "hidden": false,
    "ground-motion": 100,
    "air-motion": 100,
    "speed-motion": 115,
    "rotations": "HYPIXEL",
    "tower": "HYPIXEL",
    "sprint": "HYPIXEL",
    "keep-y": "VANILLA",
    "keep-y-on-press": true,
    "swing": true,
    "block-counter": true
  },
  "SilentSprint": {
    "toggled": false,
    "key": 0,
    "hidden": false
  },
  "Spammer": {
    "toggled": false,
    "key": 38,
    "hidden": false,
    "text": ".c load low",
    "delay": 1.0,
    "random": 0
  },
  "Speed": {
    "toggled": false,
    "key": 34,
    "hidden": false,
    "multiplier": 1.07,
    "friction": 1.0,
    "strafe": 0,
    "damage-boost": false
  },
  "SpeedMine": {
    "toggled": true,
    "key": 0,
    "hidden": true,
    "speed": 15,
    "delay": 0
  },
  "Sprint": {
    "toggled": true,
    "key": 0,
    "hidden": true
  },
  "TargetHUD": {
    "toggled": true,
    "key": 0,
    "hidden": true,
    "color": "HUD",
    "position-x": "MIDDLE",
    "position-y": "MIDDLE",
    "scale": 1.0,
    "offset-x": 30,
    "offset-y": 50,
    "background": 25,
    "head": true,
    "indicator": true,
    "outline": true,
    "animations": true,
    "shadow": true,
    "ka-only": true,
    "chat-preview": true
  },
  "TargetStrafe": {
    "toggled": false,
    "key": 0,
    "hidden": false,
    "radius": 1.0,
    "points": 6,
    "require-press": true,
    "speed-only": true,
    "show-target": "DEFAULT"
  },
  "Tracers": {
    "toggled": false,
    "key": 0,
    "hidden": false,
    "color": "DEFAULT",
    "lines": true,
    "arrows": false,
    "opacity": 100,
    "players": true,
    "friends": true,
    "enemies": true,
    "bots": false
  },
  "Trajectories": {
    "toggled": false,
    "key": 0,
    "hidden": true,
    "opacity": 100,
    "bow": true,
    "projectiles": false,
    "pearls": true
  },
  "Velocity": {
    "toggled": true,
    "key": 0,
    "hidden": false,
    "mode": "VANILLA",
    "horizontal": 0,
    "vertical": 100,
    "explosions-horizontal": 100,
    "explosions-vertical": 100,
    "fake-check": true,
    "debug-log": false
  },
  "ViewClip": {
    "toggled": false,
    "key": 0,
    "hidden": false
  },
  "Xray": {
    "toggled": false,
    "key": 0,
    "hidden": false,
    "mode": "SOFT",
    "opacity": 50,
    "range": 64,
    "caves-only": true,
    "caves-radius": 2,
    "diamonds": true,
    "diamonds-tracers": true,
    "gold": true,
    "gold-tracers": true,
    "iron": false,
    "iron-tracers": false,
    "coal": false,
    "coal-tracers": false,
    "redstone": false,
    "redstone-tracers": false,
    "lapis": false,
    "lapis-tracers": false,
    "emeralds": false,
    "emeralds-tracers": false,
    "spawners": false,
    "spawners-tracers": false,
    "canes": false,
    "canes-tracers": false,
    "warts": false,
    "warts-tracers": false
  }
}